Hinkle Pharmacy Health Mart,1090 9th Ave SW #110,, Bessemer, AL,
Snider's Discount Health Mart Pharmacy,15582 Highway 280,Suite 100, Chelsea, AL,
Hokes Bluff Shoppe,5702 US HWY 278E,, Hokes Bluff, AL,
Super Bee Health Mart Pharmacy,3354 Rainbow Drive,, Rainbow City, AL,
Marble City Health Mart Pharmacy,264 W Fort Williams,, Sylacauga, AL,
West Side Pharmacy (AR),620 West South St, Suite C, Benton, AK,
Stotts Drug Health Mart Pharmacy,103 W Arch Ave,, Searcy, AK ,
Fort Tuthill County Park,2446 Fort Tuthill Loop,, Flagstaff, AZ,
Anthem Store #5329: Walmart Parking Lot,4435 W Anthem Way,, Anthem, AZ,
Buckeye Store #3407: Walmart Parking Lot,1060 S Watson Rd,, Buckeye, AZ,
NAU (Northern Arizona University) Fieldhouse,1050 S. Knoles,, Flagstaff, AZ,
Calls Community Pharmacy,985 S Main Street,, Snowflake, AZ,
Belles Pharmacy,15170 W Bell Rd,, Surprise, AZ,
Coronado K-8 School,3401 E Wilds Rd,, Tucson, AZ,
Rillito Race Track,4502 N 1st Ave,, Tucson, AZ,
Sunnyside High School,1725 E Bilby Rd,, Tucson, AZ,
Tucson Rodeo Grounds,4823 S 6th Ave,, Tucson, AZ,
Motel 6 â€“ Parking Lot,831 W Route 66,, Williams, AZ,
Grimmway Farms,11412 Malaga Rd,, Arvin, CA,
Kern County Fair Grounds Harvest Hall,1142 South P Street,Gate 26, Bakersfield, CA,
Mercado Latino,2105 Edison Hwy,, Bakersfield, CA,
La Botica Health Mart Pharmacy,49281 Grapefruit Blvd #2,, Coachella, CA,
R & M Drug,1115 Whitley Ave,, Corcoran, CA,
CDM Drugs,2865 East Coast Hwy #150,, Corona Del Mar, CA,
Citrus Valley Pharmacy,457 S Citrus Ave,, Covina, CA,
Desert Pharmacy,1530 S Imperial Ave,, El Centro, CA,
Mountain Communities Family Resource Center,3015 Mt Pinos Way # 201,, Frazier Park, CA,
Pine Mountain Club Property Owners Association,2524 Beechwood Way,, Frazier Park, CA,
El Toro Pharmacy,23665 Moulton Parkway, Suite A, Laguna Hills, CA,
San Joaquin Drug,9215 E Highway 140,, Planada, CA,
Jurupa Valley Pharmacy,7830-7832, Limonite Ave, Riverside, CA,
Pure Care Pharmacy,5550 Carmel Mountain Rd,, San Diego, CA,
Westside Pharmacy & Gifts,1401 Mission St,, Santa Cruz, CA,
Palco Pharmacy,113 Main, Suite D, Scotia, CA,
Capitol Pharmacy,2923 W Capitol Ave,, West Sacramento, CA,
MHCD Pharmacy,4455 E 12th Ave,, Denver, CO,
Greeley Store #980: Walmart Parking Lot,3103 S 23rd Ave,, Greeley, CO,
Good Day Health Mart Pharmacy Greeley,2000 16TH St,, Greeley, CO,
Ridley's Pharmacy #1136,7670 5th St,, Wellington, CO ,
Danielson Pharmacy,77 Westcott Rd,, Danielson, CT,
Arrow Prescription Center #12,500 Farmington Ave,, Hartford, CT,
Greenville Drug Store Health Mart,213 Central Ave,, Norwich, CT,
Atlantic Apothecary Camden,2 S Main St,, Camden, DE,
Camden Pharmacy,4598 S Dupont Hwy,, Camden, DE,
Express Pharmacy,30214 Sussex Hwy,, Laurel, DE,
America's Pharmacy II,5612 - 14TH ST W,, Bradenton, FL,
B'Nai B'rith Apartments I-III,299 SW Third Avenue,, Deerfield Beach, FL,
Volusia County Fair Grounds,3150 E New York Ave,, Deland, FL,
Medtown Pharmacy,13770 Beach Blvd,Suite 3, Jacksonville, FL,
Regency Mall,9501 Arlington Expressway,, Jacksonville, FL,
Maingate Complex,3010 Maingate Ln,, Kissimmee, FL,
Disney Cast Members,3010 Maingate Ln,, Kissimmee, FL,
Baya Health Mart Pharmacy East,780 SE Baya Drive,, Lake City, FL,
Orange County Convention Center,5980 Destination Parkway,, Orlando, FL,
University of West Florida,11000 University Pkwy,Campus Dr. SP 2, Pensacola, FL,
Plant City Community Resources Center,307 N Michigan Ave,, Plant City, FL,
San Isidro,2310 Dr. Martin Luther King Blvd,, Pompano Beach, FL,
Southshore Community Resource Center,201 14th Ave SE,, Ruskin, FL,
Prescriptions Unlimited,2521 13TH St, Suite A, Saint Cloud, FL,
Hedges Health Mart Pharmacy,24 North Lime Ave,, Sarasota, FL,
America's Pharmacy,3470 17TH St,, Sarasota, FL,
Quick N Save Pharmacy,8207 N Florida Ave,, Tampa, FL,
Lee Davis Community Resource Center,3402 N 22nd St,, Tampa, FL,
Raymond James Stadium,4201 N Dale Mabry Hwy,, Tampa, FL ,
Augusta Store #4144: Walmart Parking Lot,3338 Wrightsboro Rd,, Augusta, GA,
Hartsfield-Jackson Atlanta International Airport,1800 Sullivan Rd,, College Park, GA,
Scott's Health Mart Pharmacy #1 (GA),635 Pio Nono,, Macon, GA,
Oakwood Store #3627: Walmart Parking Lot,3875 Mundy Mill Rd,, Oakwood, GA,
Stone Mountain Store #1184: Walmart Parking Lot,1825 Rockbridge Rd SW,, Stone Mountain, GA,
Lithonia Store #4472: Walmart Parking Lot,8424 Mall Pkwy, Stonecrest,GA 30038, Stonecrest, GA
Tucker Store #2584: Walmart Parking Lot,4375 Lawrenceville Hwy,, Tucker, GA ,
Westside Pharmacy (HI),1-3845 Kaumaulii Hwy,, Hanapepe, HI,
Pahoa Pharmacy,15-2660 Pahoa Village Rd #205,, Pahoa, HI ,
Hy-Vee Pharmacy,2001 West Court,, Chariton, IA,
Hy-Vee Pharmacy,800 N 2nd St,, Cherokee, IA,51012
Hy-Vee Pharmacy,4064 East 53rd Street,, Davenport, IA,52807
Union Family Pharmacy,2541 Central Ave,, Dubuque, IA,
Hartig Drug Co 3,2255 John F Kennedy Rd,, Dubuque, IA,
Hartig Drug Co 4,2225 Central Ave,, Dubuque, IA,
Hartig Drug Co 8,1600 University Ave,, Dubuque, IA,
Hughes Pharmacy Health Mart,2216 Main St,, Emmetsburg, IA,
Scott Health Mart Pharmacy (IA),238 S. Main St,, Fayette, IA,
Towncrest Pharmacy,2306 Muscatine Ave,, Iowa City, IA,
Hy-Vee Drugstore,310 N. 1st Avenue,, Iowa City, IA,
Thompson Dean Health Mart Pharmacy,911 W 7th St,, Sioux City, IA,
Hy-Vee Healthmarket,375 South Jordan Creek Parkway,, West Des Moines, IA,
Ridley's Pharmacy #7155,1295 Parkway Blv,, Blackfoot, ID,
Ridley's Pharmacy #8446,705 US-30,, Buhl, ID,
Ridley's Pharmacy #8445,1427 Main St,, Gooding, ID,
Ridley's Pharmacy #8443,1016 S Lincoln Ave,, Jerome, ID,
Ridley's Pharmacy #8464,210 Main St South,, Kimberly, ID,
Ridley's Pharmacy #8448,1403 N Meridian Rd,, Kuna, ID,
Ridley's Pharmacy #8442,430 E Main St,, Middleton, ID,
Ridley's Pharmacy #7156,1000 Pocatello Creek Rd,, Pocatello, ID,
Ridley's Pharmacy #8447,310 Oneida St,, Rupert, ID,
Ridley's Star Pharmacy #8440,9732 W State St,, Star, ID,
Ridley's Pharmacy #8444,1401 E 6th St,, Weiser, ID,
Wendell Pharmacy #4026,280 S Idaho St,, Wendell, ID,
C.S. Family Pharmacy,942 Army Trail Rd,, Carol Stream, IL,
Forest Park Store #2204: Walmart Parking Lot,1300 Des Plaines Ave,, Forest Park, IL,
Hartig Drug Co 5,11002 Bartel Blvd Galena,, Galena, IL,
Johnsburg Store #1377: Walmart Parking Lot,3801 Running Brook Farm Blvd,, Johnsburg, IL,
Joliet Store #1256: Walmart Parking Lot,2424 W Jefferson St,, Joliet, IL,
Lansing Store #2817: Walmart Parking Lot,17625 Torrence Ave,, Lansing, IL,
Marengo Pharmacy,20015 E. Grant Highway,, Marengo, IL,
York Health Mart Pharmacy,107 E Main St,, McLeansboro, IL,
Normal Store #1125: Walmart Parking Lot,300 Greenbriar Dr,, Normal, IL,
Harmon's Health Mart,111 East Main St,, Oblong, IL,
Richton Park Store #1497: Walmart Parking Lot,22401 Central Ave,, Richton Park, IL,
Hartig Drug Co 29,218 Chicago Ave,, Savanna, IL,
Wheeling Store #1735: Walmart Parking Lot,1455 E Lake Cook Rd,, Wheeling, IL ,
Auburn Store #1570: Walmart Parking Lot,505 Touring Dr,, Auburn, IN,
Greenwood Store #3435: Walmart Parking Lot,1133 N Emerson Rd,, Greenwood, IN ,
Indianapolis Store #1518: Walmart Parking Lot,3221 W 86th St,, Indianapolis, IN ,
South Bend Store #2680: Walmart Parking Lot,3701 Portage Avenue,, South Bend, IN,
Bonner Springs Store #486: Walmart Parking Lot,12801 Kansas Ave,, Bonner Springs, KS,
Price Chopper Pharmacy #10,501 S Commercial Drive,, Bonner Springs, KS,
Hesston Pharmacy,101 S Main St,, Hesston, KS,
Kansas City Store #1151: Walmart Parking Lot,10824 Parallel Pkwy,, Kansas City, KS,
Kingman Drug Health Mart Pharmacy,211 N Main St,, Kingman, KS,
Price Chopper Pharmacy #6,7201 West 151st St,, Overland Park, KS,
Price Chopper Pharmacy #7,22350 S. Harrison St,, Spring Hill, KS,
Medica Pharmacy & Wellness Center,202 W. Stephen Foster Ave,, Bardstown, KY,
Poole's Pharmacy Care,102 West Broad St,, Central City, KY,
Louisville Store #5418: Walmart Parking Lot,2020 Bashford Manor Ln,, Louisville, KY,
Paducah Store #491: Walmart Parking Lot,5130 Hinkleville Rd,, Paducah, KY,
Medica Pharmacy,100 Depot St,, Springfield, KY,
Don's Pharmacy,2201 Paris Rd, Suite E&F, Chalmette, LA,
Delgado Community College - West Bank,2600 General Meyer Ave,, New Orleans, LA,
Dillard University,2601 Gentilly Blvd,, New Orleans, LA,
Inspire NOLA - McDonogh 35 Senior High,4000 Cadillac St,, New Orleans, LA,
UNO Lakefront Arena (North Lot),6801 Franklin Ave,, New Orleans, LA,
Alario Center,2000 Segnette Boulevard,, Westwego, LA,
Whole Health Pharmacy,596 W Main St,, Hyannis, MA,
McNabb Pharmacy & Home Medical Equipment,233 Main St,, Townsend, MA,
Edwards Pharmacy,102 S Commerce St,, Centreville, MD,
Clinton Store #2799: Walmart Parking Lot,8745 Branch Ave,, Clinton, MD,
Frederick Store #2233: Walmart Parking Lot,7400 Guilford Dr,, Frederick, MD,
Ultracare Health Mart Pharmacy# 3 (MD),12619 Wisteria Dr, Suite A, Germantown, MD,
Family Health Pharmacy of Hampstead,907 S Main St, Suite A, Hampstead, MD,
Laurel Health Pharmacy,7350 Van Dusen Rd,, Laurel, MD,
Salisbury Store #2931: Walmart Parking Lot,409 N Fruitland Blvd,, Salisbury, MD,
Family Fare #137,6370 Lake Michigan Dr,Ste 100, Allendale, MI,
Family Fare #119,2245 84th St SW,, Byron Center, MI,
D&W #1591,2022 Apple Orchard Ave NE,, Grand Rapids, MI,
Family Fare #122,993 Butternut,, Holland, MI,
Family Fare #1580,2900 Burlingame Ave SW,, Wyoming, MI,
Coborn's 2029,5698 LaCentre Ave NE,, Albertville, MN,
Coborn's 2023,19425 Evans St NW,, Elk River, MN,
Hy-Vee Pharmacy,18755 70th Way North,, Maple Grove, MN,
Coborn's 2034,1106 8th St SW,, Pipestone, MN,
Hy-Vee Pharmacy,4221 W Circle Drive NW,, Rochester, MN,
Sam's Health Pharmacy # 3,300 N Church,, Fayette, MO,
Fenton Store #805: Walmart Parking Lot,653 Gravois Bluffs Blvd,, Fenton, MO,
Country Mart Pharmacy #73,15720 US-160,, Forsyth, MO,
Parkland Health Mart Pharmacy,1025 MO-72,, Fredericktown, MO,
Gladstone Store #1120: Walmart Parking Lot,7207 N M1 Hwy,, Gladstone, MO,
Joplin Store #79: Walmart Parking Lot,2623 W 7th St,, Joplin, MO,
Hy-Vee Pharmacy,8301 N St Clair Ave,, Kansas City, MO,
Malden Pharmacy,214 W MAIN ST,, Malden, MO,
Maplewood Store #5150: Walmart Parking Lot,1900 Maplewood Commons Dr,, Maplewood, MO,
Sam's Health Pharmacy # 1,300 N Morley,, Moberly, MO,
Sam's Health Pharmacy # 2,530 E 24 Highway,, Moberly, MO,
Hixson Drug,604 E SOUTH STREET, STE A, Ozark, MO,
Pineville Store #5261: Walmart Parking Lot,Walmart Store #5261,100 Commercial Ln, Pineville, MO,
Saint Charles Store #1161: Walmart Parking Lot,2897 Veterans Memorial Pkwy,, St Charles, MO,
Healthplus Pharmacy,238 South Pearson Rd,, Pearl, MS,
Price Rite Health Mart Pharmacy,910 N 7TH Ave,, Bozeman, MT,
Eden Drug Inc HM,103 W Stadium Dr,, Eden, NC,
Greenville Store #1379: Walmart Parking Lot,210 Greenville Blvd. SW,, Greenville, NC,
Sylva Store #2440: Walmart Parking Lot,210 Walmart Plaza,, Sylva, NC,
Wall's Medicine Center,708 S Washington St,, Grand Forks, ND,
Sam's Health Pharmacy # 3,300 N Church,, Fayette, NE,
Fenton Store #805: Walmart Parking Lot,653 Gravois Bluffs Blvd,, Fenton, NE,
Country Mart Pharmacy #73,15720 US-160,, Forsyth, NE,
Parkland Health Mart Pharmacy,1025 MO-72,, Fredericktown, NE,
Gladstone Store #1120: Walmart Parking Lot,7207 N M1 Hwy,, Gladstone, NE,
Joplin Store #79: Walmart Parking Lot,2623 W 7th St,, Joplin, NE,
Hy-Vee Pharmacy,8301 N St Clair Ave,, Kansas City, NE,
Malden Pharmacy,214 W MAIN ST,, Malden, NE,
Maplewood Store #5150: Walmart Parking Lot,1900 Maplewood Commons Dr,, Maplewood, NE,
Sam's Health Pharmacy # 1,300 N Morley,, Moberly, NE,
Sam's Health Pharmacy # 2,530 E 24 Highway,, Moberly, NE,
Hixson Drug,604 E SOUTH STREET, STE A, Ozark, NE,
Pineville Store #5261: Walmart Parking Lot,Walmart Store #5261,100 Commercial Ln, Pineville, NE,
Saint Charles Store #1161: Walmart Parking Lot,2897 Veterans Memorial Pkwy,, St Charles, NE,
Gothenburg Disc.,902 Ave D,, Gothenburg, NE,
Super Saver Pharmacy #28,710 W STATE ST,, Grand Island, NE,
Russ's Market Pharmacy #7,611 N Burlington Ave,, Hastings, NE,
Super Saver Pharmacy #27,840 Fallbrook Blvd,, Lincoln, NE,
Russ's Market Pharmacy #21,1550 S Coddington Ave,, Lincoln, NE,
Hy-Vee Pharmacy,"5010 ""O"" Street",, Lincoln, NE,
Hy-Vee Drugstore,8404 N. 30th Street,, Omaha, N,
Med Box Specialty Pharmacy,14 Franklin St Suite 102,, Belleville, NJ,
CureMed Pharmacy,353 Crooks Ave,, Clifton, NJ,
Jerusalem Pharmacy,1414 Main Ave,, Clifton, NJ,
Harry's Pharmacy,1776 N Olden Ave,, Ewing, NJ,
Ultra Care Pharmacy,3191 Route 27,, Franklin Park, NJ,
Bayshore Homecare Pharmacy,733 N Beers St STE L1,, Holmdel, NJ,
Ultracare Health Mart Pharmacy,568 West Side Avenue,, Jersey City, NJ,
Apollo Pharmacy,130 Summer Ave,, Newark, NJ,
Stelton Pharmacy,179 Stelton Rd,, Piscataway, NJ,
Sante Integrative Pharmacy,200 Nassau St,, Princeton, NJ,
Spotswood Pharmacy,14 Snowhill Street,, Spotswood, NJ,
Ridley's Pharmacy #1154,1689 Great Basin Hwy,, Ely, NV,
Ok'care Pharmacy,4845 S Rainbow Blvd #403,, Las Vegas, NV,
Ridley's Pharmacy #1135,1125 W Winnemucca blvd,, Winnemucca, NV,
DrugBox Pharmacy,500-5 Baychester Ave,, Bronx, NY,
Gristedes Pharmacy,101 Clark St,, Brooklyn, NY,
Gena Care Pharmacy,173 Chauncey St,, Brooklyn, NY,
Refresh Pharmacy,5700 W Genesee St Ste 106,, Camillus, NY,
Tile Pharmacy,1031 Cleveland Dr,, Cheektowaga, NY,
Cy's Elma Pharmacy,2317 Bowen Rd,, Elma, NY,
Deliver My Meds,380 Oser Ave,, Hauppage, NY,
HealthSmart Pharmacy Inc, Back of Building Parking Lot,203 Main St, Ossining, NY,
Bartle's Health Mart Pharmacy,10 Lafayette Park, Oxford, NY,,
Pleasantville Pharmacy, Inc.,62 Wheeler Ave, Pleasantville, NY,
AJ'S Woodhaven Pharmacy,62-04 B Woodhaven Blvd,, Rego Park, NY,
Delco Drugs Specialty Pharmacy,3833 Richmond Ave,, Staten Island, NY,
Imperial Pharmacy,3050 Corlear Ave,, The Bronx, NY,
Sinclair Pharmacy,75 N Main St,, Warsaw, NY,
Grassy Sprain Health Mart Pharmacy,640 Tuckahoe Rd,, Yonkers, NY,
Coal Grove Pharmacy,600 Marion Pike,, Ironton, OH,
Corner Pharmacy,259 Jefferson St,, Greenfield, OH,
Toledo Family Pharmacy,324 Main St,, Toledo, OH,
Broken Arrow Store #472: Walmart Parking Lot,2301 W Kenosha St,, Broken Arrow, OK,
Pruett's Food Pharmacy #1,201 S. Park Drive,, Broken Bow, OK,
Pruett's Food Pharmacy #8,1231 N. Washington Ave,, Durant, OK,
Pruett's Food Pharmacy #9,203 E. Highway Street,, Holdenville, OK,
Pruett's Food Pharmacy #7,601 E. Wyandotte,, McAlester, OK,
Oklahoma City Store #2804: Walmart Parking Lot,1801 Belle Isle Blvd,, Oklahoma City, OK,
Oklahoma City Store #544: Walmart Parking Lot,5401 Tinker Diagonal St,, Oklahoma City, OK,
Oklahoma City Store #564: Walmart Parking Lot,6100 W Reno Ave,, Oklahoma City, OK,
Oklahoma City Store #7326: Walmart Parking Lot,3301 SW 104TH STREET,, Oklahoma City, OK,
Asbury Pharmacy,3401 North May Ave,, Oklahoma City, OK,
Hometown Drug Company,307 N Broadway St,, Poteau, OK,
Hobbs Pharmacy,420 W Broadway Ave,, Sulphur, OK,
Tulsa Store #576: Walmart Parking Lot,207 S Memorial Dr,, Tulsa, OK,
Tulsa Store #992: Walmart Parking Lot,2019 E 81st St,, Tulsa, OK,
Pruett's Food Pharmacy #2,202 Chappell Drive,, Valliant, OK,
Corner Drug,29670 Ellensburg Ave,, Gold Beach, OR,
Buchanan Brothers Health Mart Pharmacy,101 Main Street,, Coudersport, PA,
Buchanan Health Pharmacy,170 Main St,, Eldred, PA,
Buchanan Health Pharmacy (Elkland),206 West Main St,, Elkland, PA,
Gladwyne Health Mart Pharmacy,352 Righters Mill Rd,, Gladwyne, PA,
Milford Store #2064: Walmart Parking Lot,220 Route 6 & 209,, Milford, PA,
Apollo Pharmacy,460 W Lehigh Ave,, Philadelphia, PA,
Buchanan Health Pharmacy (Smethport),313 Main Street,, Smethport, PA,
Buchanan Health Pharmacy (Westfield),122 W Main St,, Westfield, PA,
Seaside Pharmacy,224 Post Rd,, Westerly, RI,
Hy-Vee Pharmacy,2700 West 10th Street,, Sioux Falls, SD,
Dover Family Pharmacy,1307 Donelson Pkwy,, Dover, TN,
James and Wilks Health Mart Pharmacy,620 Mall Blvd, Suite A, Dyersburg, TN,
Amarillo Store #822: Walmart Parking Lot,3700 E I-40,, Amarillo, TX,
Carrollton Store #1216: Walmart Parking Lot,1213 E. Trinity Mills Road,, Carrollton, TX,
Cleveland Pharmacy,111 S William Barnett Ave,, Cleveland, TX,
Conroe Store #3591: Walmart Parking Lot,18700 HIGHWAY 105 W,, Conroe, TX,
Regional Health Mart Pharmacy,622 West Main,, Crosbyton, TX,
Renue RX #2,2701 S Hampton Rd,#100, Dallas, TX,
Dallas Store #8930: Walmart Parking Lot,15757 N Coit Rd,, Dallas, TX,
Dallas Store #5889: Walmart Parking Lot,9410 Webb Chapel Rd,, Dallas, TX,
Denver City Health Mart Pharmacy,105 E Broadway St,, Denver City, TX,
Desoto Store #3432: Walmart Parking Lot,951 W Belt Line Rd,, DeSoto, TX,
El Paso Store #1015: Walmart Parking Lot,7555 N Mesa St,, El Paso, TX,
El Paso Store #2612: Walmart Parking Lot,1850 N ZARAGOZA RD,, El Paso, TX,
El Paso Store #500: Walmart Parking Lot,4530 Woodrow Bean,, El Paso, TX,
Hometown Drug (TX),718 W Lampasas St,, Ennis, TX,
Forney Store #5191: Walmart Parking Lot,802 E US Hwy 80,, Forney, TX,
Fort Worth Store #2980: Walmart Parking Lot,8520 N Beach St,, Fort Worth, TX,
Garland Store #1055: Walmart Parking Lot,5302 N Garland Ave,, Garland, TX,
Grand Prairie Store #4503: Walmart Parking Lot,2650 State Hwy 161,, Grand Prairie, TX,
Houston Store #3500: Walmart Parking Lot,5655 East Sam Houston Pkwy N,, Houston, TX,
Houston Store #5959: Walmart Parking Lot,111 Yale St,, Houston, TX,
Houston Store #772: Walmart Parking Lot,3506 S Texas 6,, Houston, TX,
Houston Store #3297: Walmart Parking Lot,12353 Farm to Market 1960 Rd W,, Houston, TX,
Houston Store #4416: Walmart Parking Lot,13003 Tomball Pkwy,, Houston, TX,
HCPH Ken Pridgeon Stadium,11355 Falcon Rd,, Houston, TX,
Darrell Tully Stadium,1050 Dairy Ashford,, Houston, TX,
Humble Store #4298: Walmart Parking Lot,9235 N Sam Houston Pkwy E,, Humble, TX,
Kingwood Park Community Center,4102 Rustic Woods Dr,, Kingwood, TX,
Louis Morgan Drugs #1,1900 S. High St,, Longview, TX,
Lubbock Store #6898: Walmart Parking Lot,11415 Quaker Ave,, Lubbock, TX,
Highland Pharmacy,2424 50TH St,RM 105, Lubbock, TX,
Parkway Pharmacy,1824 Parkway Drive,, Lubbock, TX,
McKinney Store #5311: Walmart Parking Lot,1721 N Custer Road,, McKinney, TX,
New Caney Store #6579: Walmart Parking Lot,20310 US 59,, New Caney, TX,
HCPH San Jacinto College,8060 Spencer Hwy,, Pasadena, TX,
Pearland Store #3510: Walmart Store Parking Lot,1710 Broadway St,, Pearland, TX,
Pearland Store #3572: Walmart Parking Lot,10505 Broadway St,, Pearland, TX,
Rowlett Store #3225: Walmart Parking Lot,2501 Lakeview Pkwy,, Rowlett, TX,
Sachse Store #5673: Walmart Parking Lot,8015 Woodbridge Pkwy,, Sachse, TX,
San Antonio Store #2239: Walmart Parking Lot,8923 W Military Dr,, San Antonio, TX,
Renue RX #5,810 SE Military Dr,, San Antonio, TX,
Apothecary of Medical Associates,38 East Ave,, Schulenburg, TX,
Sherman Store #947: Walmart Parking Lot,401 E W US Hwy 82,, Sherman, TX,
Spring Store #602: Walmart Parking Lot,1025 SAWDUST RD,, Spring, TX,
DeliverIt Pharmacy,13303 W. Airport Blvd,, Sugar Land, TX,
BGC Culinary Center,200 Rice Rd,, Tyler, TX,
DeliverIt Pharmacy ClearLake,600 N Kobayashi,Suite 112, Webster, TX ,
A&W Pharmacy,171 E Main St,, Duchesne, UT,
Ridley's Pharmacy #1171,42 W Main St,, Midway, UT,
Ridley's Pharmacy #1161,275 E 300 N,, Morgan, UT,
Lee's Marketplace-Foxboro Pharmacy,725 N Redwood Rd,, North Salt Lake City, UT,
Ridley's Pharmacy #7152,911 N Main St,, Pocatello, UT,
Price Family Pharmacy,4 E Main St,, Price, UT,
Lee's Marketplace-Smithfield Pharmacy,850 S Main,, Smithfield, UT,
Ridley's Pharmacy #1151,74 S 100 E,, Tremonton, UT,
Ridley's Pharmacy #1165,4045 E Pony Express Pkwy,, Eagle MT,,
Dumfries Store #3588: Walmart Parking Lot,17041 Jefferson Davis Hwy,, Dumfries, VA,
Manassas Store #1825: Walmart Parking Lot,8386 Sudley Rd,, Manassas, VA,
Virginia Beach Store #3216: Walmart Parking Lot,1149 Nimmo Pkwy,, Virginia Beach, VA,
Weber City Drug Center,1482 US Highway 23 North,, Weber City, VA ,
Saver Pharmacy,2900 Wheaton Way,, Bremerton, WA,
Duvall Family Drugs Health Mart,15602 Main St NE,, Duvall, WA,
Elma/East County Pharmacy,221 West Main Street,, Elma, WA,
Pharm-A-Save Granite Falls,207 E. Stanley St,, Granite Falls, WA,
McCleary Health Mart Pharmacy,115 W Simpson Ave,, McCleary, WA,
Ulrich's Valley Health Mart Pharmacy,423 E Methow Valley Hwy,, Twisp, WA,
Greenfield Store #1394: Walmart Parking Lot,10600 W Layton Ave,, Greenfield, WI,
Valucare Center Health Mart Pharmacy,1378 Main St,, Marinette, WI,
Hayat Health Pharmacy #5,1919 W. North Ave,, Milwaukee, WI,
Hartig Drug Co 15,180 W Pine St,, Platteville, WI,
Hartig Drug Co 19,101 S Marquette Rd,, Prairie Du Chien, WI,
Southview Pharmacy,140 Majestic Place, Inside Grant's Supermarket, Bluefield, WV ,
Ridley's Pharmacy #1132,300 E Wyoming Blvd,, Casper, WY,
Ridley's Pharmacy #1163,620 Pine Ave,, Kemmerer, WY,
Ridley's Pharmacy #1131,3112 E Grand Ave,, Laramie, WY,
Ridley's Pharmacy #1153,341 Eas Pine St,, Pinedale, WY ,
Ridley's Pharmacy #1130,169 Coffeen Ave,, Sheridan, WY,